{
    "MEGCoordinateSystem": "ElektaNeuromag",
    "MEGCoordinateUnits": "m",
    "MEGCoordinateSystemDescription": "RAS orientation and the origin between the ears",
    "HeadCoilCoordinates": {
        "NAS": [
            7.450580596923828e-09,
            0.08023670315742493,
            -1.4901161193847656e-08
        ],
        "LPA": [
            -0.06569088995456696,
            -1.4901161193847656e-08,
            -3.725290298461914e-09
        ],
        "RPA": [
            0.041803352534770966,
            0.0,
            -1.30385160446167e-08
        ],
        "coil1": [
            0.03911718726158142,
            0.017099352553486824,
            0.09040382504463196
        ],
        "coil2": [
            0.007168121635913849,
            -0.05442936718463898,
            0.06677776575088501
        ],
        "coil3": [
            -0.05553151294589043,
            -0.048094749450683594,
            0.05007807910442352
        ],
        "coil4": [
            -0.041540682315826416,
            0.04502232372760773,
            0.0806937888264656
        ],
        "coil5": [
            -0.015181031078100204,
            -0.020423442125320435,
            0.09629017114639282
        ]
    },
    "HeadCoilCoordinateSystem": "ElektaNeuromag",
    "HeadCoilCoordinateUnits": "m",
    "AnatomicalLandmarkCoordinates": {
        "NAS": [
            7.450580596923828e-09,
            0.08023670315742493,
            -1.4901161193847656e-08
        ],
        "LPA": [
            -0.06569088995456696,
            -1.4901161193847656e-08,
            -3.725290298461914e-09
        ],
        "RPA": [
            0.041803352534770966,
            0.0,
            -1.30385160446167e-08
        ],
        "coil1": [
            0.03911718726158142,
            0.017099352553486824,
            0.09040382504463196
        ],
        "coil2": [
            0.007168121635913849,
            -0.05442936718463898,
            0.06677776575088501
        ],
        "coil3": [
            -0.05553151294589043,
            -0.048094749450683594,
            0.05007807910442352
        ],
        "coil4": [
            -0.041540682315826416,
            0.04502232372760773,
            0.0806937888264656
        ],
        "coil5": [
            -0.015181031078100204,
            -0.020423442125320435,
            0.09629017114639282
        ]
    },
    "AnatomicalLandmarkCoordinateSystem": "ElektaNeuromag",
    "AnatomicalLandmarkCoordinateUnits": "m"
}
